CaseOrder,churn
353,0
6263,0
2810,1
1776,1
8503,0
2260,1
2364,1
2907,0
6428,0
6413,0
7896,0
8137,0
4619,1
2367,1
5390,0
2568,0
2777,1
3114,0
9267,0
3545,0
7622,0
7099,0
7749,0
6221,0
9254,0
3334,0
2688,0
1342,1
3424,0
694,0
9437,0
6560,1
7628,0
2933,0
1037,0
2676,1
468,1
1041,1
2434,1
7307,0
5759,0
6915,0
4732,1
5838,1
8678,0
8214,0
6041,0
2062,0
8494,0
6508,0
6209,0
6091,0
583,0
3077,0
9249,0
6140,0
534,0
3965,0
3027,1
7313,0
7969,0
2480,1
7748,0
618,1
3984,0
3156,0
408,0
7824,0
5714,0
4919,1
4618,0
4053,1
4376,1
4804,0
5202,0
6709,0
2992,0
1735,1
4796,1
1068,0
7090,0
9472,0
4440,0
3641,1
6336,0
6003,0
7696,0
3962,0
1655,1
927,1
6422,0
6160,0
7272,0
471,1
6525,0
4539,1
5593,0
9445,1
9649,0
2312,1
9362,0
9884,0
6012,0
682,1
8731,0
2697,1
6199,0
8252,0
6910,0
9383,0
1892,1
9444,0
8341,0
566,0
1334,1
9098,0
3015,0
6438,0
5683,0
5225,0
3975,0
7909,0
1424,1
7408,0
2337,1
6624,0
5938,0
9141,0
7017,0
6371,0
5103,1
9897,0
5029,0
564,0
2278,0
4726,0
5318,0
4347,0
4492,1
1116,0
4339,1
7373,0
3416,1
4040,0
7221,0
900,0
8688,0
6256,0
7583,0
1589,0
5805,0
2467,0
4927,1
3007,1
3656,0
1949,0
7147,1
7218,0
1853,0
203,1
7010,0
9979,0
7961,1
7680,0
1169,1
8826,0
5596,0
3809,1
4252,1
2134,0
23,0
5283,0
4019,0
3922,0
6406,0
3000,1
986,1
5889,0
2484,0
9121,0
2089,1
6307,0
2310,0
4891,1
5910,0
4529,0
768,0
1895,0
9211,0
7651,0
7520,0
8928,0
9729,0
9959,0
9827,0
2998,0
438,1
2140,0
2646,1
8624,0
8262,0
7618,0
8150,0
9497,0
9241,0
5849,0
945,1
5460,1
1276,1
3785,1
2765,1
881,0
2443,1
5253,0
6471,0
1668,0
2579,1
5926,0
555,0
7263,0
1316,0
9068,0
8428,0
5579,0
3800,0
2137,1
6424,0
2709,1
5542,1
6051,0
965,0
9541,0
2079,0
8969,1
3072,0
6701,0
9356,0
633,0
3362,0
369,0
5619,0
550,1
1753,0
883,0
6569,0
5003,0
74,1
2315,1
7066,0
9436,0
8100,0
9478,0
582,1
8346,0
9075,0
7894,0
691,0
1248,0
778,1
5559,0
9233,0
3183,1
458,0
7065,0
3103,0
465,0
8285,0
1768,0
6579,0
1311,0
7740,0
9060,0
3276,1
8755,0
9663,0
665,1
8556,0
4267,0
3225,0
2227,1
5481,0
2377,0
4642,0
8202,0
7329,1
6416,0
6484,1
9398,0
8976,0
1809,0
38,0
8375,0
9354,0
4488,1
1113,1
9964,0
5302,0
2450,0
684,0
2335,0
4135,1
6787,0
9423,0
5790,0
8820,0
4704,1
1385,0
5523,0
6575,0
55,1
2614,1
8720,0
330,1
5552,0
8066,1
2455,1
2495,1
9750,0
4214,0
4400,0
6880,0
2667,1
3604,0
4398,0
6906,0
1550,1
9272,0
5076,0
4392,1
4183,1
9511,0
8629,0
8143,0
4387,0
414,0
7119,1
930,0
3364,1
2687,1
940,1
9779,0
8222,1
7766,0
9081,0
6390,0
5638,0
9682,0
2343,1
1340,0
3308,1
6877,0
4494,0
6169,0
6065,0
4658,1
4427,1
4852,1
3823,0
6555,0
6556,0
3020,0
237,1
6372,0
4990,0
5155,0
3964,1
2085,1
4256,1
2910,0
6651,0
3572,0
9074,0
8697,0
7056,0
4973,0
8035,0
3948,1
2185,1
8301,0
2362,1
6782,0
3958,0
6608,0
8733,0
9661,0
243,0
9917,0
531,0
1483,1
5577,0
335,0
802,1
7354,0
7405,0
2733,0
9976,0
1063,1
9340,0
9626,0
1156,0
749,1
7726,0
8489,0
5605,0
7316,0
2582,0
1944,1
3893,1
7821,0
8195,0
902,1
8581,0
6386,0
360,0
9735,1
1174,0
4028,0
5745,0
9456,0
2995,1
1535,0
9987,0
9531,0
9347,0
3995,0
8470,0
7437,0
5384,0
1712,0
3210,1
8536,0
8745,0
6156,0
386,0
9210,0
4016,0
8850,0
8693,0
969,0
5411,0
2702,1
8036,0
5688,0
6655,0
3278,0
3850,1
2433,0
9188,0
348,1
4375,1
6866,0
106,1
6535,0
2423,1
6844,0
5074,0
8739,0
2648,1
5961,0
3698,1
1055,0
189,0
1175,1
2540,0
2546,1
5949,0
3973,0
8487,0
4248,1
9434,0
3862,1
8519,0
5676,0
3172,0
3041,1
989,1
4677,1
7106,0
1687,1
3751,1
4525,0
2492,1
2304,1
525,1
3702,0
4765,0
8028,0
6088,0
4341,0
6834,0
597,1
6476,0
3994,0
5831,0
2678,0
2081,1
6244,0
3452,1
4613,0
4063,0
2801,1
339,0
5674,0
6398,0
8415,0
2694,0
1661,0
9800,0
9648,1
5553,0
3829,0
7053,0
4500,0
5175,0
9907,0
1026,0
9024,1
609,1
5424,0
6688,0
207,0
7683,0
722,1
5975,0
6753,0
4622,0
7849,0
9038,0
8061,0
7837,0
5114,0
1347,0
7264,0
4465,0
5044,0
586,0
6894,0
3178,0
7456,0
1070,0
3538,0
8336,0
6017,0
3425,0
5105,0
4471,1
4992,0
3238,0
9802,1
2880,0
9773,0
3511,1
4955,0
6267,0
6318,0
5397,0
7378,0
3375,1
5062,0
9364,0
1780,1
8938,0
9432,0
6107,0
2479,1
4177,0
379,0
1559,0
3144,1
4985,0
9069,0
2961,0
5520,0
6757,0
8664,0
366,0
5588,1
255,1
7039,0
3517,0
1265,1
6601,0
2843,0
1750,1
9025,0
9694,0
5704,0
3169,1
9815,0
1056,1
5229,0
8520,0
9734,0
7327,0
7668,0
8057,0
6763,0
7962,0
3342,0
2404,1
4602,1
5445,0
8933,0
9031,0
8965,0
410,0
3205,0
7489,0
1415,1
834,0
9765,0
1129,0
7261,0
5190,0
8721,0
4846,0
8017,0
331,1
2489,0
7482,0
8129,0
3814,1
214,0
2471,0
7842,0
9316,0
2152,0
6127,0
4321,1
7606,0
6383,0
7093,1
7991,0
1675,0
3066,0
2199,1
6350,0
403,0
9379,1
3756,0
9429,0
792,0
2706,1
9332,0
8101,0
4286,1
4753,0
711,1
2867,0
5808,0
8230,0
1239,1
2391,0
7861,0
6375,0
2220,1
4939,0
1195,0
1533,1
1044,1
1651,1
5459,0
2637,1
4160,1
8638,0
2023,0
8509,0
8808,0
3530,0
5399,1
9291,0
2154,0
3082,1
5205,0
5769,0
6699,0
8436,0
512,0
6080,0
2756,1
3064,1
8205,1
5990,0
7558,0
913,0
1632,1
3638,0
1288,1
3926,0
2986,0
6236,1
4337,0
5020,0
8359,0
8674,0
5928,0
8612,0
9728,0
4966,1
3373,0
316,0
9545,1
5496,0
3798,0
5235,0
3193,1
2463,0
1839,1
9300,0
1079,0
3573,0
5228,0
3518,0
7591,0
7815,0
2098,1
7871,0
8875,0
7137,0
8758,0
1723,1
9950,0
3198,1
2627,1
5964,0
1994,1
311,0
5620,0
1210,1
2800,1
5377,0
6297,0
7960,0
1653,1
9680,0
1547,1
8821,0
8093,0
2148,0
9801,0
873,1
9726,0
5549,0
7689,0
2283,0
5382,0
7758,0
3898,0
9094,0
2229,1
7425,0
2073,1
9822,1
7404,0
8989,0
750,0
3341,1
5712,0
7359,0
4271,1
5770,0
9179,0
5920,0
1131,0
7691,0
219,0
397,1
7519,0
746,1
5201,0
9150,0
7857,0
7834,0
3719,0
8949,1
5169,0
7995,0
5245,1
1886,1
5977,0
6818,0
4348,0
6459,0
7046,0
2444,1
8665,0
7078,0
6491,0
9895,0
4389,0
4301,0
1123,1
5814,0
6830,0
7654,0
3636,0
1828,1
1134,1
8386,0
1639,0
7292,0
782,1
7366,0
3936,1
7522,0
9613,0
8595,0
8302,0
7786,0
4620,0
381,0
3971,0
1250,0
3734,0
4880,0
4685,1
322,0
1453,0
350,1
1076,1
8895,0
6016,0
5672,0
7034,0
4997,1
5088,0
4431,1
4941,1
7611,0
5541,0
5747,0
2366,1
7662,0
9023,0
1317,0
4169,1
1366,1
375,1
1061,0
6224,0
4731,0
1819,1
210,0
5807,0
3745,1
9809,0
1281,1
7064,0
1299,1
319,1
667,0
4862,0
9787,0
404,1
7563,1
3207,0
1329,0
5401,0
3042,1
5031,0
1501,0
6337,0
3934,1
8861,0
7135,0
7688,1
7725,0
6207,0
1980,0
7983,0
3347,1
3226,0
372,0
8655,1
3668,0
6883,0
4281,0
8790,0
6197,0
2334,0
5091,0
4230,1
4909,1
8223,0
7255,0
5589,0
2246,1
4472,0
2901,0
5093,0
7677,0
7953,0
7180,0
8735,0
2333,1
4750,0
8994,0
5684,0
7804,0
9151,0
8890,0
9287,0
8218,0
492,1
1543,0
6702,0
9304,0
4801,0
3203,0
4786,0
2308,1
7219,0
6926,0
1693,1
8568,0
5264,0
4467,0
5646,0
7907,0
3353,1
4756,1
6872,0
1877,1
6029,0
7869,1
8814,0
1875,1
6332,0
8373,0
8270,0
2284,0
7769,0
250,0
1835,0
2104,0
4380,0
8525,1
2707,1
730,1
7139,0
1197,0
6300,0
5441,0
7908,0
260,1
2103,0
6180,0
7840,0
4740,0
1396,1
4608,1
9921,0
7646,0
9377,0
2348,0
1007,1
8388,0
3304,0
6254,0
3355,0
6272,0
8834,0
9963,0
3980,0
354,1
8547,0
2537,0
2307,0
4386,0
511,0
2214,0
6233,0
7627,0
7846,0
5351,0
1423,0
49,0
4273,0
5801,0
8911,0
4686,1
7958,0
6145,0
1494,0
4086,0
380,1
6541,1
9881,0
645,1
244,1
5711,0
4442,1
7932,0
7371,0
2165,1
6048,0
9014,1
1617,0
5162,0
2773,0
3296,1
9543,0
7328,0
6135,0
1518,0
5420,0
9714,0
3754,1
4922,1
6870,0
8004,0
2824,0
6614,0
7773,0
9137,0
6106,1
5791,0
6932,0
5617,0
6865,0
9134,0
8972,0
8444,0
3871,1
9942,0
5480,0
426,1
6139,0
6493,0
6510,1
5126,0
8736,0
698,1
8719,0
4484,0
83,0
5331,0
8169,0
5785,0
9749,0
8475,0
5053,0
8811,0
8448,0
4920,1
8408,0
8062,0
3374,1
3932,0
7521,0
388,1
6668,0
3662,1
406,0
6044,0
3155,0
6512,0
1475,1
385,1
6528,0
3478,1
8362,0
6069,0
625,1
8768,0
9816,0
208,0
7033,0
1510,0
4897,0
2074,0
8334,1
2041,0
4099,1
412,1
2009,1
9475,0
7376,0
383,0
926,1
6981,0
4630,0
4333,0
8565,0
692,0
3055,0
5276,0
6085,0
4361,1
6587,0
1083,0
8927,0
261,1
30,1
228,0
1787,1
8384,0
5677,0
4545,0
4457,0
4651,1
528,1
450,0
1524,1
2200,0
7181,0
5806,0
2322,0
116,0
4397,0
1563,1
5768,0
3523,0
6391,0
9123,0
1033,0
6474,0
7844,0
7346,0
3826,0
2802,1
4773,1
3459,0
3221,1
7393,0
5475,0
4851,1
1732,1
7351,0
1767,1
1372,0
5195,0
4485,1
9658,0
771,1
7420,0
2662,0
9695,0
6177,0
950,0
8102,0
8516,0
2935,0
8765,0
1862,0
4968,1
5282,0
2478,0
4853,1
5052,0
7723,0
6340,0
1178,0
1074,1
7035,0
4211,1
2167,1
4367,1
5050,0
1320,1
9154,0
5085,0
6781,0
1553,0
6060,0
2410,1
967,1
7678,0
4828,1
5927,0
4469,0
9693,0
3201,0
2863,0
8315,0
4065,1
2191,1
7780,1
4829,0
9397,0
7911,0
1941,1
7029,0
8978,0
8064,0
6314,0
3801,0
3996,0
4108,0
3731,1
2827,0
7791,0
710,1
7301,0
5547,0
4236,0
7954,0
562,1
6540,0
1692,0
8528,0
863,1
5728,0
2107,1
6503,0
9697,0
3149,0
4143,0
8356,0
5621,0
652,0
7268,0
7516,0
1883,1
8221,0
6961,0
1636,1
1064,0
8460,0
1224,0
6881,0
931,0
9591,0
2518,1
3559,0
1512,0
2069,0
2567,1
5843,0
5260,0
9627,0
5290,0
1737,1
7986,0
4517,0
3943,1
8328,0
4518,0
8377,1
5825,0
2049,0
3230,0
4626,0
6436,0
7898,1
1417,1
756,1
7537,1
2381,0
1295,0
4284,1
3451,1
7875,0
942,1
2371,1
6719,0
4580,0
6576,1
68,1
4116,0
2850,1
6412,0
1221,0
5584,0
3022,0
3912,1
8538,0
9847,0
1964,0
8842,0
232,0
5626,0
417,0
133,1
6353,0
9297,0
4483,0
569,1
1773,1
2977,0
3118,1
6543,0
7305,0
9527,0
5531,0
661,1
9505,0
2102,1
1681,1
8728,0
7152,0
817,1
5632,0
7772,0
2438,1
4947,1
7391,0
6676,0
840,0
781,0
1717,1
4117,1
7038,0
9336,0
8296,0
1622,0
8907,0
5295,0
3944,1
3681,0
1858,1
9738,0
4988,1
884,1
3450,0
571,0
8258,0
7814,0
2217,1
3202,1
9036,0
1132,0
6578,0
8029,0
1420,1
9160,0
3357,1
6154,1
3283,0
190,0
721,0
7154,0
3758,0
5836,0
118,0
9916,1
2764,1
3784,1
6039,0
442,0
7755,0
1695,0
16,1
5548,0
4680,0
7108,0
5259,0
7419,0
6463,0
3091,0
5311,0
2725,1
547,1
3264,1
9156,0
5152,0
8418,0
8618,0
7590,0
1106,0
1511,0
5090,0
2390,1
4159,0
4244,0
8906,0
5788,0
1150,1
9395,0
3824,0
5859,0
974,1
4743,0
3484,0
2968,0
6527,0
4544,0
3159,1
6511,0
9999,0
9911,0
7512,0
7211,0
6806,0
991,1
6008,0
2789,0
3837,0
3067,1
6583,0
3542,0
1662,1
2820,1
1642,0
2898,0
579,0
5933,0
4370,0
6014,0
1968,0
8716,0
5741,0
4650,0
9662,0
9402,0
3610,0
4957,0
2743,1
1166,1
4446,0
4599,0
1578,1
9771,0
8471,0
1702,1
8786,0
4280,0
7959,1
7131,0
2904,1
3179,0
1805,0
1057,1
398,0
5629,0
283,1
4327,0
2392,1
472,1
148,0
429,0
6231,0
3503,0
4953,0
6824,0
9885,0
4142,0
4462,1
8023,0
4614,0
9826,0
3381,0
6585,0
5118,0
3569,0
2399,1
3614,1
2344,1
8107,0
3969,0
5994,0
8584,0
8507,0
45,1
5794,0
7602,0
4503,1
4746,1
4837,1
9495,0
8623,0
279,1
9490,0
5107,0
6918,0
5294,0
7653,0
9372,0
3,0
343,0
1127,0
2544,1
4323,0
9862,0
3652,1
676,1
795,1
7880,0
9785,0
4926,0
487,1
9722,0
3004,1
5028,0
8622,0
409,0
4381,1
7782,0
641,1
3807,0
4774,1
8260,0
2136,1
654,1
7865,0
1269,1
1160,1
7510,0
4448,1
2296,1
2044,1
5792,0
2090,0
8024,0
9614,0
5405,0
2613,0
1701,0
3039,0
123,0
3265,1
5486,0
5243,0
1917,0
7288,0
2758,1
9970,0
3770,1
2375,1
2491,1
6549,0
9242,0
1495,0
3813,0
5227,0
3354,0
6884,0
9037,0
9619,0
5765,0
3682,1
5329,0
6951,0
1794,1
8723,0
8196,0
4888,1
6499,0
1827,1
1989,0
3843,1
7089,0
767,1
6356,0
447,1
8822,0
6147,0
864,1
6252,0
9763,0
6909,0
1451,0
1889,0
8784,0
4260,0
2793,0
8145,0
9973,0
3018,0
5970,0
636,1
8930,1
6542,0
3742,1
8957,1
5022,0
2785,0
919,0
7937,0
8324,0
7303,0
9500,0
2654,0
7212,0
3725,1
8649,0
7364,0
2169,0
6419,0
6665,0
6500,0
9470,0
2666,1
8199,0
6717,0
6032,0
8009,0
6793,0
8887,0
7042,0
5779,0
6239,0
2604,0
3438,0
4130,1
2014,0
1382,0
1665,0
333,1
7315,0
8182,0
535,0
6657,0
3660,0
2407,0
5515,0
2651,0
7262,0
6152,0
9333,0
7601,0
7927,0
663,0
3891,0
995,1
4790,0
50,0
646,1
2624,0
8690,1
936,0
9247,0
4629,1
5406,0
9084,0
3692,0
1161,1
156,0
1509,0
3122,0
13,0
6767,0
8876,0
2413,0
3598,0
1498,1
1525,1
6299,0
5744,0
2642,0
7004,0
9266,0
108,1
7097,0
1502,0
6310,0
2149,0
4187,0
4903,1
5953,0
6368,0
709,1
181,1
9945,0
1541,0
9744,0
5265,0
6691,0
9638,0
3881,1
5258,1
4785,1
6630,0
8498,0
9538,0
5924,0
3102,1
5883,1
6333,0
8774,0
3875,0
3431,0
5427,1
7813,0
4131,1
7283,0
6397,0
4890,1
3415,0
6178,0
3211,0
7502,0
5274,0
1659,0
9841,0
7156,0
2252,0
9302,0
5601,0
2363,0
6441,0
4316,1
7498,0
3340,1
2449,0
7895,0
3739,0
9195,0
8598,0
1749,1
5538,0
6761,0
8980,0
8750,0
4996,1
310,0
2266,1
8675,0
1198,0
396,0
3556,1
4012,0
5154,0
4954,0
588,0
3430,1
4971,0
5592,0
4591,1
7026,0
7929,0
2091,0
3696,1
6996,0
934,0
2258,1
5586,0
9877,0
4819,0
4670,1
6269,0
5362,0
8521,0
4645,1
9459,0
9834,0
5277,0
2153,0
7163,0
8830,0
4401,0
1468,1
3116,1
619,0
3727,0
4728,1
6253,0
3797,1
2218,0
7816,0
6487,0
357,1
3180,1
3132,0
3037,0
703,1
6678,0
8825,0
8815,0
8919,0
9672,0
1948,0
4315,1
8988,0
3482,0
5856,0
1439,1
2125,0
4826,0
7002,0
7464,0
6735,0
9767,0
5762,0
213,0
9026,0
1490,0
1996,0
2452,1
3249,1
8771,0
3724,1
716,0
3418,1
3789,0
3094,0
7753,1
6999,0
2204,1
9542,0
4077,1
7227,0
4491,1
7006,0
43,1
5871,0
9518,0
6646,0
1130,0
1523,1
8849,0
2474,1
9028,0
446,1
9487,0
1262,0
2723,0
9926,0
7003,0
4652,1
8863,0
6349,0
6373,0
5431,0
2757,0
4802,1
6189,0
277,0
5512,0
8872,0
510,0
2462,0
3846,1
2514,1
6426,0
6164,0
5049,0
3792,0
5198,0
9683,0
9586,0
501,0
8291,0
5812,0
4377,1
5250,0
7693,1
3002,1
5842,0
8699,0
1612,0
5082,0
1192,0
1355,1
8300,0
1804,1
9733,0
9245,0
3086,1
7043,1
9955,0
3111,0
2156,0
8932,0
5952,0
9851,1
4760,1
6840,0
3034,1
7885,0
3352,1
9007,0
1546,1
9805,0
22,0
7416,0
2942,0
9256,0
4610,1
3303,0
8555,0
3976,1
9838,0
7938,0
1696,0
9647,0
2779,0
7101,0
1228,0
4675,1
7381,0
8809,0
1402,1
3810,1
4840,1
4319,1
8862,0
5819,0
6226,0
1558,1
6240,0
9622,1
370,1
1765,0
6076,0
4581,1
5862,1
6227,1
1626,0
7517,1
5296,0
6261,0
9948,0
4910,1
7717,0
8650,0
3651,1
239,0
6772,0
3741,1
8956,0
2349,1
4354,0
725,1
1159,0
1454,0
7005,0
5996,0
1333,1
9276,0
1171,0
9135,0
8579,0
7269,0
3448,0
4784,0
4407,1
2819,0
4679,1
9009,0
5845,0
2432,0
2984,1
5647,0
4989,1
851,1
97,0
3282,1
9908,0
7141,0
7037,0
7792,0
9526,0
469,0
9215,0
603,0
6791,0
6594,0
6669,0
1095,1
6304,0
3223,1
7337,0
6586,0
5358,0
3469,1
8510,0
8463,0
7452,0
9807,0
7634,0
7251,0
4023,0
5894,0
170,1
7491,0
8269,0
8859,0
6124,0
554,1
4884,1
4245,1
8783,0
6166,0
6625,0
5216,0
4000,0
5787,0
9806,0
3997,1
7189,0
3956,1
187,0
5738,0
8370,0
51,1
6208,0
1741,1
9482,0
8845,0
6094,0
1557,0
2979,0
7795,0
6852,0
6847,0
1859,0
7854,0
5797,0
2205,1
1667,1
5929,0
8757,0
4885,0
4567,1
2305,1
5284,0
843,1
6952,0
3322,0
2347,0
8314,0
2409,0
5877,0
2092,0
4557,0
19,0
3110,0
6642,0
8197,0
5536,0
6803,0
7626,0
5466,0
1951,1
4217,0
506,1
1721,0
6265,0
5419,0
1306,0
9111,0
9675,0
8707,0
9957,0
4413,0
2704,1
9253,0
2206,0
1683,1
9230,0
5566,0
8442,0
2036,0
8467,1
622,1
3317,1
6131,0
8034,0
7402,0
5309,0
6118,0
8909,0
4046,1
7300,0
4798,0
6731,0
6891,0
1481,1
1982,0
1754,0
9944,0
8394,0
3630,1
5181,0
6659,0
9320,0
4150,0
3592,0
1878,0
5509,0
4342,1
1327,0
7728,0
9736,0
4360,1
963,0
4455,1
5958,0
8183,0
2837,0
4445,0
6248,0
3907,0
7550,0
2057,0
1488,0
9257,0
4168,0
1138,0
6489,0
1019,1
3329,1
7105,0
6698,1
5518,0
748,0
5754,0
3781,1
949,1
6445,0
9204,0
2710,0
3096,1
9861,0
6167,0
2052,0
8014,0
2563,0
7230,0
761,0
898,0
1868,0
1729,0
9298,0
4808,1
1974,0
1096,0
7173,0
5767,0
5200,0
2668,0
8840,0
4871,1
8030,0
8947,0
6205,0
693,0
7168,0
3794,0
1480,1
6862,0
9481,0
4223,1
5144,0
7164,0
9581,0
7007,0
3345,0
1885,0
4231,1
9048,1
5211,0
8267,0
2445,1
6376,0
1799,0
3174,1
2893,0
2974,1
1972,1
3643,0
4584,1
7607,0
2122,0
8008,0
6620,1
1017,1
9712,0
2497,0
6707,0
58,0
8234,0
2468,0
7946,1
2839,0
5568,1
4943,0
2825,1
4860,1
2268,0
3925,1
8537,0
1728,0
1499,1
7395,0
1275,0
1411,1
6529,0
6758,0
8048,0
3337,0
9265,0
6650,0
1028,1
4641,1
3260,0
4126,1
2190,1
3549,1
1272,0
7334,0
2592,0
9888,0
3163,0
6042,1
7243,0
7234,0
3930,0
9366,1
8698,0
7868,1
5503,0
9548,0
3571,0
5777,0
2730,0
9280,0
2556,1
9061,0
8281,0
2923,0
576,1
773,0
3583,1
434,1
8865,0
2619,0
2111,1
5499,0
3059,1
1282,1
4238,1
3678,0
1253,0
1813,0
7008,0
9553,0
7428,0
1217,0
7761,0
6984,0
3655,0
7445,1
2618,0
1165,0
3208,1
6635,0
8437,0
1763,1
8963,1
9804,0
8889,0
109,1
8462,0
9089,0
4416,0
8517,0
430,0
3054,0
8427,1
363,0
160,0
9079,0
9972,0
4959,1
5860,0
4423,1
4119,1
6219,0
3315,1
229,1
3805,1
4537,0
6275,0
1850,0
9207,0
8671,0
3339,0
6810,0
6201,0
2653,1
1911,1
1293,1
728,0
5128,0
4788,1
7619,0
7951,0
5905,0
2674,0
7746,0
836,1
6311,0
6826,0
982,1
933,1
4638,0
35,1
8044,0
8527,0
3861,0
7077,0
6766,0
76,1
4635,1
6747,0
9565,0
1470,1
4294,0
4964,1
7048,0
7172,0
3955,1
6281,1
9345,1
6885,0
2353,1
4646,0
73,0
9568,0
3021,0
3621,0
9818,0
2575,0
5668,0
1926,0
8691,0
4014,1
5430,0
7209,0
3243,1
3918,0
3777,0
4654,1
7265,0
7714,0
7216,0
5208,0
5810,0
1433,1
5142,0
8124,0
4161,1
2929,0
5809,0
9157,0
4082,0
218,0
2717,0
7921,0
4265,0
9781,0
5743,0
7612,0
2611,1
4541,0
754,0
7949,0
6730,0
454,0
8422,0
1965,0
922,0
5935,0
7297,0
3609,0
6536,1
3497,1
6170,0
3142,1
7515,0
2770,0
8836,0
5140,0
2270,0
7528,0
6316,0
5171,0
5725,0
7745,0
5525,0
1593,1
8708,0
8831,0
1586,1
5497,0
5659,0
2576,0
3044,1
944,1
4051,1
7020,0
5963,0
3465,0
7460,0
3432,1
9696,0
5789,0
6287,0
2587,1
8874,0
657,0
3127,1
4912,1
9965,0
4038,0
7430,0
5830,0
5301,0
3817,1
3463,0
2982,1
6082,0
2208,0
3959,0
6105,0
2938,0
1882,0
9930,0
3703,1
6837,1
3252,1
7379,0
6664,0
5669,1
4278,1
2891,1
3669,0
395,1
6057,0
7734,0
3496,0
7397,0
2231,1
5336,0
8290,0
1124,1
6762,0
2616,0
7825,0
2439,1
9212,0
8597,0
8946,0
2053,1
8609,0
4724,1
8673,0
3435,0
9271,0
3501,0
8347,0
2088,0
5458,0
102,0
3306,1
6259,0
7432,0
6093,0
9486,0
9446,0
9717,0
9223,0
6861,0
3684,0
8670,0
4222,0
5642,0
8672,0
6970,0
4250,0
9503,1
8727,0
2025,0
1225,0
8634,0
5047,0
9077,0
5347,0
4480,1
4933,0
2744,0
32,0
5204,0
5465,0
9343,0
800,0
9039,0
2569,1
7968,0
6296,0
9046,0
3393,1
9803,0
8083,1
5710,0
8192,0
637,0
8446,0
2549,1
779,0
7116,0
2417,1
2972,1
9514,0
7527,0
3988,1
5197,0
9361,0
8485,0
1519,0
4178,1
5826,0
9170,0
5557,0
9443,0
248,0
3384,1
9349,0
8069,0
2603,1
3895,0
9374,0
3062,0
5477,0
8607,0
9752,0
2329,1
6801,1
2536,1
9624,0
5124,0
297,0
2068,0
6181,0
2689,0
1981,1
193,1
6949,0
2327,1
1351,0
7084,0
744,0
2913,1
3748,1
8219,0
9424,1
3981,0
9112,0
2629,0
4556,1
9400,0
7977,0
2291,1
5388,0
1428,1
7185,0
7362,0
4894,0
3256,0
9044,0
5485,0
4809,1
8663,0
8265,0
5528,0
5997,0
9148,0
8272,0
6087,0
3906,1
1229,0
9114,0
3426,1
6663,0
188,1
8076,0
3070,0
1422,0
2584,1
826,1
4644,1
2760,0
9650,0
8305,0
2790,0
415,0
6410,0
6869,0
7891,0
137,0
5891,0
6723,0
3717,0
178,1
4338,0
4791,0
7310,0
4420,0
1219,1
6773,0
3063,1
8542,0
7944,0
3664,1
1489,1
6230,0
8734,0
5535,0
886,0
9203,0
8052,0
8242,0
4395,0
164,1
8999,0
7478,0
3461,0
6378,0
2875,1
7396,0
7166,0
9903,0
6904,0
9577,0
1785,1
9438,0
7275,0
6414,1
946,1
5645,0
8524,1
498,1
3561,0
3593,1
7697,0
4921,0
8216,0
9296,0
4213,1
7764,0
5002,0
8140,0
5841,0
9385,0
6637,0
8207,0
6351,0
7022,0
7392,0
4470,1
3470,0
7011,0
9713,0
9292,0
4437,1
8244,1
2775,0
4623,0
7321,0
4269,1
987,1
3524,0
7990,0
4006,1
9886,0
1312,0
4133,0
7324,0
5740,0
7925,0
5667,0
5567,0
829,0
9690,0
8973,0
4592,1
4838,1
2422,1
8869,0
6595,0
7472,0
2652,1
8476,0
3686,0
8661,0
3650,0
9488,0
4698,1
5246,0
6110,0
2519,1
274,0
4719,1
3058,0
5742,0
8644,0
977,1
6212,0
1954,1
7827,0
2577,1
5271,0
8908,0
9286,0
8457,0
6505,0
2037,1
3612,1
8522,1
4706,1
3153,0
6193,0
7073,0
8700,0
6775,0
7751,0
3248,0
8926,0
4799,0
1652,0
3262,1
5087,0
7845,0
7149,0
1280,0
8037,0
4456,0
8191,0
4092,0
7562,0
6867,0
2180,0
1258,0
4261,0
5292,0
2728,0
9954,0
2188,0
6686,0
8085,0
600,0
384,0
3588,0
3749,0
7497,0
9602,0
9165,0
5385,0
2780,0
8235,0
2196,0
812,0
5133,0
2655,0
852,1
7470,0
5356,0
1359,1
4039,1
1818,0
8173,0
2682,0
4928,1
5251,0
1950,1
1374,0
6115,0
8606,0
3318,0
1367,1
7175,0
4388,1
147,1
3397,1
3908,1
7747,0
5755,0
8472,0
3017,1
2980,0
8968,0
8916,0
8643,0
4002,1
673,0
6382,0
1881,1
811,1
8570,0
5323,0
7363,0
4123,0
4566,1
4221,0
6860,0
1078,0
3056,1
2487,1
2973,0
7224,0
455,0
1244,1
592,1
6104,0
2273,1
4127,0
3310,0
2314,1
8406,0
2686,0
292,0
968,1
2379,1
7906,0
5897,0
8236,0
4815,0
3084,1
5122,0
758,1
1925,1
3990,0
6708,0
2886,0
9119,0
3957,0
4841,0
6064,0
130,1
4147,1
6790,0
2740,1
7202,0
8766,0
1952,1
6925,0
6853,0
980,1
9791,0
9795,0
3590,1
526,1
3043,0
7971,0
2565,1
5273,0
7775,0
3522,1
1934,0
9741,0
9115,0
9993,0
4343,1
887,0
4625,0
9306,0
1434,1
3253,0
2339,0
7649,0
2243,1
7933,0
3713,1
2734,0
2650,0
9369,0
5563,0
1421,0
5316,0
956,1
4510,0
8769,0
7341,0
544,1
7322,0
9556,0
2517,1
5079,0
2503,0
5956,0
6138,0
4122,1
9819,0
3227,1
3845,1
4843,1
3321,0
2806,1
9876,0
494,0
4640,1
6863,0
2784,0
7809,0
3536,1
9837,0
7832,0
8583,0
8841,0
4522,0
7913,0
8306,0
3437,0
3905,1
3100,0
1863,0
3544,1
7350,0
2735,0
5160,0
5151,0
5555,0
47,1
6679,0
3187,1
8488,0
4043,1
7250,0
6571,0
4268,1
5004,0
9652,0
2712,1
4203,1
9279,0
842,0
3859,0
1689,1
734,0
3847,0
266,1
3175,0
8711,0
5930,0
6494,0
7386,0
634,0
3839,1
1088,1
489,0
3602,1
9108,0
4310,0
4300,1
9499,0
4410,1
4816,0
7114,0
8127,0
1139,0
4866,1
3900,0
1714,1
2919,0
3197,0
4950,0
1710,1
4201,1
6024,0
6430,0
3658,0
6172,0
1545,1
5890,0
6223,1
9668,0
4394,0
2219,0
655,1
2607,1
5456,0
4930,0
589,1
6927,0
7400,0
4616,1
8379,0
2645,1
4137,0
7887,0
7385,0
5007,0
6603,0
3228,0
7539,0
5591,0
9217,0
37,1
2261,0
7979,0
871,1
9401,0
5012,0
9227,0
5761,0
9874,0
4326,1
532,0
6764,1
2521,1
7984,0
9984,0
3071,0
2458,1
7279,0
2946,1
6255,0
4045,1
2324,1
2877,1
4452,0
6320,0
8156,0
172,1
4963,1
8802,0
7028,1
2128,1
7387,0
1698,1
8552,0
7540,0
702,0
4803,1
6776,0
8746,0
8504,1
5882,0
8164,0
9705,0
6785,0
9416,0
221,1
5603,0
1255,0
1899,0
6695,0
7720,0
2397,0
5072,0
7712,0
7918,0
8165,0
9799,0
1460,0
309,0
5370,0
3377,0
2356,0
3035,1
3516,1
1335,0
6706,0
3540,0
8544,0
3392,0
759,1
7455,0
5219,0
1184,0
92,1
9308,0
1560,0
6322,0
6596,0
477,0
5094,0
8852,0
2059,0
6876,0
9725,0
9630,0
3821,1
2151,1
2285,0
327,1
6102,0
2902,1
9426,0
9392,0
5922,1
1990,1
5490,0
4243,0
3182,0
1189,0
3404,1
9762,0
4970,0
1188,0
9175,0
8411,0
7023,0
5303,0
5893,0
9467,0
8443,1
7302,0
4868,0
6976,0
8006,0
4520,0
635,1
2829,1
7660,0
7493,0
2099,1
764,0
4835,0
2042,0
8160,0
4533,1
4699,1
3914,0
3683,0
2894,0
6133,0
8764,0
8492,0
2486,0
743,0
7673,0
3594,1
5252,0
9002,0
8601,0
7573,0
3854,1
941,1
5321,0
271,0
6692,0
3274,0
2937,1
6705,0
8819,1
733,1
4532,0
2352,1
7538,0
2501,0
6581,0
3455,1
736,0
978,1
3204,0
2657,0
9375,0
9552,0
577,0
4134,0
6005,0
5733,0
9997,0
6132,0
5249,0
9471,0
5903,0
9539,0
231,1
2072,0
9892,0
6908,0
984,1
2346,0
8828,0
2753,1
180,0
8603,0
1517,1
3311,1
9564,0
2174,1
3911,0
4499,1
7594,0
2213,0
5902,0
7964,0
6616,0
2981,1
1115,1
9673,0
4806,1
1370,0
9083,0
3411,0
6559,0
7248,0
5055,0
4428,1
3105,1
1583,1
6054,0
5120,0
6821,1
3645,0
8400,0
3740,1
6963,0
4742,1
2786,1
4061,0
2975,0
5335,0
1143,0
7826,0
3581,0
3200,0
8881,0
8372,0
8939,0
6280,0
7899,0
6450,0
2168,1
7453,0
2535,1
9617,0
575,1
4576,1
6547,0
2909,1
9367,1
4795,0
3676,0
8391,1
8613,0
142,1
5145,0
5409,0
2429,0
7663,0
5191,0
3259,0
9691,0
8910,0
2112,1
4071,1
9,0
6099,0
9866,1
1101,1
8687,0
3061,1
2183,0
7738,0
6004,0
3991,0
1462,0
7707,0
6631,0
4405,1
2020,0
7069,0
820,1
359,1
6522,0
8636,0
1647,0
545,1
2106,1
4165,1
4776,1
2342,1
686,1
6365,0
8159,0
9936,1
2685,0
2237,1
7332,0
5662,0
4660,0
124,0
1338,1
4216,1
8465,0
6497,0
6531,0
6641,0
8084,0
2249,1
1856,0
1092,1
7112,0
2162,0
1000,1
1955,0
6155,0
2564,0
5119,0
8944,0
9128,0
8884,0
4487,0
4974,1
9549,0
6321,0
5705,0
4212,1
2145,1
9985,0
6928,0
9882,0
7548,0
5232,0
8897,0
7475,0
2878,0
1279,1
835,1
2976,0
5092,0
2369,0
9169,0
8683,0
1404,0
4617,1
5148,0
5573,0
4999,0
5599,0
2911,0
3326,0
8997,0
2477,1
2269,1
2263,1
5606,0
6759,0
382,1
8921,0
770,0
938,0
1163,1
1400,1
929,1
2061,1
2798,0
6079,0
4240,0
6779,0
3074,0
4317,0
332,1
8513,0
3297,1
1040,1
5073,0
9035,0
5035,0
7817,0
433,0
3762,0
9825,0
1383,0
4100,1
4403,0
9789,0
299,0
209,1
5833,0
1025,0
4486,1
4103,1
3897,0
1247,0
4710,0
7596,0
3589,0
2341,1
2412,0
1966,1
9252,0
7552,0
1507,0
2599,0
8685,0
3670,0
7192,0
6174,0
5872,0
2056,0
8454,0
640,1
6700,0
5782,0
5923,0
2087,1
6362,0
6,0
1391,0
7225,0
2265,0
4854,1
6478,0
841,1
6260,0
6458,0
4981,0
3832,1
1775,0
7789,0
5802,0
4720,1
6622,0
9058,0
6828,0
1822,0
4590,0
9864,0
1452,0
6920,0
256,1
4371,1
8588,0
2116,1
7184,0
7113,0
8155,0
1419,1
3804,0
2040,0
2903,0
3916,0
9192,0
5234,0
7889,0
3541,1
5025,0
4987,0
1109,1
1823,0
8461,0
1872,0
8871,0
6020,0
4369,0
2677,0
8676,0
6427,0
8027,0
9905,0
2060,1
3314,0
4722,0
1910,0
6973,0
5602,0
9856,0
5597,1
5722,0
448,0
8531,0
8186,0
1497,0
3525,0
8376,0
7836,0
8450,0
1854,1
267,1
1919,0
8717,0
6831,0
9770,0
3363,0
2426,1
8761,1
8793,0
2155,1
2796,1
1444,1
662,0
6215,0
3596,0
3866,0
2516,0
3986,1
1277,0
6161,0
8284,0
1395,0
5322,0
7001,0
9761,0
191,0
7174,0
2908,0
6502,0
9258,0
2817,1
5013,0
762,0
8954,0
2212,0
3219,1
6724,0
2969,0
6792,0
1378,1
420,0
7796,0
5036,0
4585,0
1445,0
3715,1
4570,1
7729,0
6195,0
1590,1
8228,0
3780,1
4226,0
5736,0
3215,0
8855,0
8824,1
9732,0
5096,0
2460,0
3701,1
168,1
2093,1
6203,0
2840,0
4042,0
3872,0
6570,0
1831,1
832,1
5214,0
8557,0
4441,0
174,1
7132,0
8573,0
4665,0
5678,0
4220,1
6604,0
7556,0
3537,0
9640,0
6598,0
4540,0
7967,0
1784,0
8273,0
3078,1
5317,0
801,1
4259,0
4084,1
7284,0
2071,1
1418,0
3637,1
5408,0
6948,0
5426,0
5364,1
5412,0
3631,0
788,0
7897,0
3803,1
4325,1
2916,1
5254,0
3254,0
5700,0
7737,0
3247,0
2673,0
4430,1
5781,0
7759,0
9408,0
6725,0
1842,0
3095,1
9301,0
5582,0
8562,0
3848,0
8051,0
5452,0
3235,0
2553,1
5186,0
966,1
783,1
33,1
7440,0
8049,0
145,1
2526,0
9261,0
1539,0
347,0
1851,1
3924,1
4944,0
451,0
548,0
6187,0
7130,0
2905,0
66,0
1646,0
2420,0
8776,0
4049,0
6989,0
6645,0
3291,1
2490,1
6902,0
6933,0
4404,0
8368,0
9225,0
2306,0
9990,0
879,0
9810,0
799,1
7928,0
7231,0
8338,0
9152,0
2621,1
9355,0
8767,0
2634,0
3030,1
6878,0
9236,0
8478,0
9798,0
2732,0
9967,0
680,0
1457,1
9097,0
8073,0
3231,0
5888,0
1987,0
9421,0
8271,0
9041,0
7293,0
7208,0
5583,1
263,0
8399,0
2004,1
8974,0
5824,0
2854,0
777,0
1103,0
5206,0
824,0
8590,0
6050,0
6062,1
5414,0
3825,0
7032,0
6980,0
3468,0
844,1
1722,0
612,1
1021,0
5330,0
9783,0
9529,0
3929,0
4314,0
2617,1
7145,0
5413,0
2506,0
5611,0
4335,0
1458,1
6218,0
6196,0
7438,0
3475,0
2411,1
4264,1
1506,0
816,0
3558,0
3960,0
1069,1
460,0
6379,0
570,1
9056,0
5313,0
306,1
3466,0
4792,0
7765,0
8250,0
1916,1
5796,0
6068,0
4474,0
6078,0
5367,0
281,1
608,1
6457,0
5968,0
4628,1
7161,0
533,1
8625,1
3123,1
5691,0
8098,0
5070,0
7567,0
3685,0
5940,0
7828,0
4864,0
3546,0
4056,1
6704,0
2141,0
3874,0
6734,0
1031,1
8961,0
4603,0
3288,0
3833,0
3812,0
9290,0
5115,0
1344,0
8744,0
5614,0
1117,0
2177,0
216,0
1181,0
3073,0
7724,0
8013,0
488,1
104,0
3486,0
8220,0
1297,0
9746,0
7523,0
7207,0
6058,0
425,0
1921,1
9504,0
536,0
3836,1
5467,0
9313,0
5447,0
1898,1
407,0
117,0
546,0
1182,0
5057,0
2931,1
839,0
2713,1
8559,0
3433,0
3649,0
1915,1
4882,1
399,1
2421,0
3977,1
7636,1
7823,0
422,0
8962,0
8227,0
5821,0
1733,0
2135,1
5449,0
8396,0
1038,0
9262,0
321,0
1398,0
3331,0
5615,0
4295,1
1933,1
8737,0
2179,1
1238,1
7129,0
7859,0
9166,0
8345,0
5395,0
2424,0
7582,0
4072,1
1491,1
9700,0
7743,0
7506,0
7952,0
2558,0
4744,0
1436,1
998,0
6577,0
9299,1
373,0
7778,0
1393,1
161,1
121,0
3279,0
6369,0
8298,0
171,1
4595,0
3213,1
9699,0
7484,0
5495,0
4902,1
2015,1
4783,0
275,0
6656,0
2956,0
72,1
2554,1
8569,1
7647,0
440,0
670,0
5537,0
689,0
3390,0
7356,0
4311,0
3206,0
2197,0
4979,1
2538,1
9260,0
4157,1
6501,0
15,1
7802,0
9309,0
3092,0
2481,1
3509,1
8189,0
8799,0
2941,0
9975,0
8864,0
1204,0
7993,0
5326,0
4304,1
4421,0
1081,1
4689,0
5350,0
8614,0
3894,1
2670,1
9051,0
269,1
8229,0
3232,1
2210,0
8843,0
6128,0
6592,0
6749,0
5483,0
6913,0
5106,0
9784,0
815,0
9240,0
9721,0
6213,0
8718,0
9289,0
8321,0
8752,1
5043,0
7706,0
2749,0
8405,0
5604,0
4741,1
6117,0
6957,0
9294,0
7468,0
5478,0
1801,0
6638,0
202,1
4739,1
4073,0
9829,0
9893,1
3124,0
4451,0
1609,0
8730,0
8349,0
877,1
6496,0
699,1
2951,0
5600,0
1746,0
3863,1
245,1
8203,0
3533,1
9455,0
4700,1
3052,0
105,1
560,0
7970,0
495,0
7201,0
7599,0
7600,0
5113,0
4577,1
7616,0
7684,0
6081,0
892,1
8126,0
3693,1
9221,0
8647,0
5220,0
3506,0
6277,0
6134,0
1634,1
1435,1
2457,1
9435,0
3316,1
7754,0
4822,1
6146,0
9348,0
7085,0
9775,0
3120,1
1177,0
3526,0
4155,1
2201,0
6153,0
9250,1
3554,0
683,0
2795,1
8797,0
1266,1
8172,0
2380,1
2927,1
4982,0
3495,0
8854,0
4565,0
80,0
1206,1
2286,1
3868,0
7640,0
831,0
6889,0
5972,0
7633,0
3050,0
6055,0
2033,0
6028,0
4093,1
9536,0
4768,1
3408,0
2573,0
6354,0
1072,1
780,1
6696,0
5653,1
5837,0
2633,1
1054,1
1443,0
2803,0
7807,0
6126,0
5261,0
5067,1
3158,1
5696,0
4477,0
1148,1
6520,1
9868,0
149,1
5363,0
5083,0
5196,1
132,0
5110,0
6352,0
8738,0
9404,0
3151,0
2605,1
8005,0
253,1
6978,0
6666,0
6838,0
6100,0
1484,0
9381,1
5916,0
7411,0
3618,0
9645,0
7115,0
2401,1
8654,0
2133,1
3036,0
6056,0
858,0
8756,0
4717,1
5064,0
4353,0
8846,0
4568,1
3769,0
2727,1
2400,0
9326,0
4058,0
4344,0
5950,0
2965,0
7576,0
3500,1
5238,0
9582,0
8833,0
3634,1
3126,1
8901,0
2234,0
4379,0
4905,1
1671,0
2509,0
9491,1
1758,1
9850,0
679,0
772,1
3245,1
7675,0
2993,1
3220,0
5498,1
2807,0
9222,0
3564,0
7788,0
5757,0
5574,0
894,0
5774,0
5269,1
8883,0
6888,0
8587,0
48,1
739,0
3272,0
4980,1
119,1
1572,0
6291,0
3427,1
6343,0
8959,1
4390,0
7718,0
8421,0
5526,1
8403,0
6325,0
7657,0
1252,1
6380,0
3761,1
4935,1
7731,0
9403,0
2005,1
519,0
1588,1
8249,0
6797,0
7811,0
5947,0
1500,1
3336,0
9674,0
7948,0
9474,0
8468,0
2632,0
2600,0
3325,0
4810,0
1740,1
9063,0
2991,0
9998,0
7196,0
2456,0
5631,0
2195,1
4937,0
6754,0
9390,0
1496,0
9534,0
1167,1
8268,0
424,1
9120,0
3189,1
2336,1
4531,0
9124,0
6002,0
9251,0
3626,1
6396,0
6472,0
3835,1
617,1
4823,1
5422,0
1936,1
5018,0
1324,0
7564,0
9458,0
5494,0
8193,0
6939,0
5799,0
2430,1
4128,1
651,1
1812,1
7016,0
6574,0
8361,0
4931,1
6030,0
5932,0
9448,0
7985,0
4908,1
4960,0
9331,1
8992,0
8732,0
5908,0
4900,1
594,0
3038,0
6728,0
2483,0
3112,0
5702,0
5995,0
3171,1
9389,0
7401,0
9878,0
5784,0
4873,0
2626,0
9050,1
935,1
7695,0
9909,0
7457,0
549,1
2114,1
5663,0
2095,0
2187,0
5111,0
7659,0
6887,0
6098,0
4998,0
3584,0
5682,0
1426,1
7291,1
1516,1
2109,0
5686,0
6694,0
1840,0
8417,0
3767,1
2034,0
8148,0
4257,0
334,0
3494,1
5215,0
9295,0
401,1
9880,0
3167,0
4817,1
1932,0
3706,1
8378,1
708,1
874,1
9338,0
7561,0
557,0
9496,0
9239,1
706,0
5732,0
1314,0
2578,1
880,1
5102,0
5297,0
2027,1
6519,0
8113,0
9177,0
4054,1
3841,0
4978,1
2282,1
9563,0
6921,0
5189,0
3380,1
7060,0
21,0
7893,0
8572,0
1514,1
8152,0
4881,1
1719,0
8998,0
5001,0
8535,0
9931,0
1442,0
2747,0
393,1
4228,0
4611,1
9378,0
5349,0
3480,0
457,1
5690,0
6097,0
1690,1
6455,0
8561,0
4844,1
6935,0
4138,0
90,0
5443,0
2488,1
8110,0
6454,0
8796,0
303,1
6563,1
146,1
131,1
2774,0
507,0
9811,0
2063,0
2726,1
7009,0
7860,0
8567,0
7730,0
7603,0
797,1
1222,1
5217,0
7879,0
2006,0
2631,1
7923,0
9263,0
1313,1
1187,0
1846,1
5695,0
4091,0
7413,0
3344,1
4022,0
6114,0
666,0
7252,0
6972,0
5590,0
7178,0
5853,0
3117,0
5010,0
6367,0
573,1
5352,0
8079,0
139,1
9679,0
1991,1
7443,0
3305,0
7572,0
7299,0
362,1
9555,0
8847,0
5375,0
2500,1
9018,0
6742,0
8092,0
9551,0
9480,0
356,0
7027,0
7372,0
8387,0
3623,1
9268,0
1071,0
8523,0
2658,1
1637,0
2173,1
2879,0
8251,0
4588,0
4639,0
8924,0
4899,0
329,0
1988,1
2216,1
8060,0
8770,0
8563,0
4399,1
2612,0
7645,0
1108,1
8807,1
574,1
5123,0
9912,0
5334,0
4725,1
7973,0
2818,0
2080,1
1715,1
8211,0
8594,0
7637,0
1601,0
9831,0
1707,0
4946,0
4305,0
6789,0
7458,0
7344,0
4951,1
3937,0
1743,1
2393,0
6882,0
7429,0
8574,0
5624,0
4906,1
4553,1
2718,0
8982,0
8232,0
5224,0
5735,0
1013,0
9129,0
4549,1
8669,0
2510,0
5158,1
2496,1
4417,0
5489,0
8858,0
8459,0
252,0
1830,1
8977,0
183,0
2230,0
794,1
5869,0
4587,0
8789,0
4163,0
9706,0
4374,0
3396,1
6328,0
5008,0
5242,0
6916,0
4429,1
3399,0
490,1
7742,1
7483,0
6022,0
6211,0
668,0
3502,1
9312,0
8656,0
2826,0
1764,0
9515,0
7545,0
7610,0
4634,1
8022,0
8589,0
1704,1
6805,0
1624,0
4958,0
3849,0
5550,0
4205,0
8518,0
3131,0
5146,0
3659,1
5482,0
7777,1
6451,0
8829,0
9178,0
8763,0
3903,0
4915,1
6968,0
2494,0
798,1
5510,0
6685,0
789,0
265,1
313,0
7853,0
3476,1
5038,0
5304,0
4162,0
9022,0
6777,0
8039,0
2064,0
9194,0
3629,0
5532,0
6914,0
6836,0
5880,0
7709,0
1005,1
9671,0
3760,0
6639,0
7388,0
2440,1
8141,0
8848,0
7190,0
3680,1
2276,1
1770,0
5289,0
5967,0
312,1
4758,1
5752,0
3222,0
6615,0
4373,1
5818,0
5793,0
7075,0
6063,0
9525,0
1369,1
7050,0
9101,0
9544,0
5104,0
4848,0
5077,0
6716,0
9601,0
2008,1
6294,1
9161,0
1616,0
4761,0
2388,0
9335,0
5687,0
349,1
3709,0
1807,0
8877,0
5650,0
814,1
8407,0
4466,0
7259,0
6485,0
4412,0
1231,0
7383,0
6565,0
5713,0
5136,0
9813,0
6539,0
3013,0
3005,1
2949,0
8352,0
2461,1
6324,0
2530,1
6402,0
6329,0
4263,0
2724,1
2405,0
2722,0
1410,0
7966,0
9125,0
6394,0
9053,0
6293,0
6262,0
5628,0
9460,0
6675,0
2043,1
6677,0
1739,1
9411,0
6736,0
2887,0
7803,0
4031,1
6513,0
7103,0
6403,0
5403,0
1267,1
8722,0
8294,0
8506,1
8813,0
7674,0
2262,1
2464,0
2254,0
8255,0
9244,0
9520,0
5898,0
540,0
4605,0
8615,0
2017,1
7183,0
8660,0
8413,0
3628,0
1016,0
1328,1
4372,1
855,0
7044,0
5664,0
1529,1
9205,0
6955,0
523,0
8440,0
2762,0
5832,0
2700,0
9106,0
3672,0
8452,0
3942,0
8775,0
3945,1
1060,1
4152,0
7427,0
8194,0
5045,0
502,1
8308,0
5280,0
4759,0
6361,1
7608,0
1600,0
1778,0
2215,0
8778,0
7410,0
3460,1
7063,0
6423,0
4713,0
122,1
7260,0
2238,0
7559,0
1551,0
6628,0
910,1
9208,0
2299,1
1814,0
9610,0
4929,1
2193,1
1084,0
3365,0
1873,1
7435,0
5701,0
6726,0
7847,0
6990,0
4087,1
7700,0
7088,0
1857,0
7922,0
2241,0
8348,0
737,1
5027,0
1760,1
1643,0
1629,0
567,0
2721,0
4059,1
4368,1
4111,0
9616,1
791,1
2551,0
8934,0
5716,0
6466,0
2292,0
1290,0
3006,1
8979,0
5081,0
2925,0
6647,0
5230,0
8343,0
4229,1
7855,0
1654,1
6648,0
1201,0
9859,0
760,0
459,0
4009,1
8109,0
7434,1
6714,0
983,0
4188,0
6238,0
2170,1
1774,0
2139,1
9560,0
8970,0
6573,0
7632,0
803,1
140,1
5957,0
5976,1
9138,0
5285,0
1409,0
4320,0
9350,0
5679,0
1102,0
107,1
4393,0
9006,0
8238,0
7244,0
6851,0
3453,1
5811,0
8310,0
1036,0
1337,0
8748,0
9149,0
5673,0
8329,0
1034,0
8158,0
1315,1
9902,1
1865,1
163,0
1815,0
1230,1
3888,0
905,0
6237,0
4198,1
3834,1
9407,0
3878,0
1020,0
9027,0
867,1
91,1
2906,0
8000,0
134,1
8327,1
7793,0
486,0
82,0
8449,0
5040,0
6966,0
3972,1
9406,0
7442,0
3079,0
3444,0
2746,1
6282,0
7426,0
8312,1
2124,0
4552,1
3150,0
4748,0
1579,1
8266,0
3505,0
2302,1
6355,0
3673,1
3774,1
4757,0
6083,1
3613,0
6971,0
3389,0
823,1
8157,1
4818,1
75,1
185,1
1848,1
7841,0
9937,0
8505,0
9991,0
5685,0
3691,0
7057,0
2691,1
2350,1
3578,1
2821,1
4543,1
4279,0
6200,0
7215,0
2357,0
9988,0
2560,0
2845,1
3690,1
6985,0
4875,1
4883,0
5607,1
8434,0
5724,0
84,0
3350,0
2466,1
7318,0
8648,0
870,0
1296,0
585,0
5641,1
6101,0
7544,0
2493,1
7505,0
89,1
2086,1
6222,0
9533,0
5649,0
8369,0
100,0
7223,0
5718,0
1644,1
8481,0
2999,0
6301,0
6768,1
2792,1
8135,0
7781,1
677,0
6400,0
2759,1
2978,0
8838,0
6783,0
9103,0
4800,0
6000,0
6784,0
4121,0
1,0
6964,0
9642,0
7798,0
8804,0
36,1
3409,1
1463,0
4418,0
2186,0
537,1
9980,1
3550,1
3234,0
4192,1
9508,0
3575,1
7345,0
2703,1
2836,0
4856,1
7436,0
6214,0
2805,1
4511,0
9224,0
9420,0
5024,0
5959,0
7294,0
1603,1
3982,0
7107,0
5344,0
9346,0
6760,0
1971,0
5361,0
1771,1
8920,0
6804,0
6518,0
9344,0
166,0
9659,0
918,1
7872,0
9519,0
461,1
3049,1
2791,1
7094,0
8323,0
5931,0
6220,0
3983,0
5635,0
6432,0
8779,0
8853,0
5562,0
27,1
5267,0
1699,0
5192,0
1993,0
1493,0
6919,0
8247,0
9473,0
2918,0
4691,0
81,1
4972,1
2039,0
7281,1
3699,0
3154,1
449,1
4956,1
971,0
2355,0
5089,0
561,1
28,1
8187,0
3080,0
4468,1
769,0
1207,0
2470,1
387,0
7304,0
9143,1
9687,0
5247,0
9317,0
620,0
4007,0
9105,0
914,1
1604,0
869,0
5372,0
9977,0
351,1
9270,0
1261,1
8420,0
9580,0
5680,0
1043,0
4015,0
4349,1
4186,1
2987,1
7784,0
4504,0
8709,0
1379,1
7739,0
5857,0
4805,0
9833,0
8479,0
7254,0
6905,0
4687,0
8002,0
4366,1
5048,0
7581,0
6748,0
1742,1
2597,1
484,0
6693,0
392,1
5270,0
8512,0
7474,0
8433,0
5469,0
8945,0
9664,0
2236,0
8240,0
8703,0
6295,0
1128,0
4648,0
7124,0
1975,1
5098,0
7415,0
1918,0
5729,0
8760,0
1142,1
9425,0
4196,1
8047,0
9131,0
2012,0
3488,0
324,0
2028,1
5369,0
1208,0
4547,0
9792,0
2661,0
4447,0
5730,0
1012,0
9146,0
155,0
2885,0
7067,0
2447,1
5565,0
5758,0
513,1
1331,1
8545,0
2590,1
3531,0
1289,0
6191,0
4199,0
4101,0
8635,0
79,1
7150,0
3166,1
3661,0
1845,0
5655,0
3665,0
957,0
4516,1
7838,0
6247,0
1909,1
262,1
4435,1
8782,0
7398,0
7148,0
4356,0
903,0
4355,1
614,0
875,1
3697,0
9180,0
150,1
860,0
8121,0
7863,0
5279,0
565,0
9422,0
3714,1
7570,0
3237,1
3704,1
246,0
8330,0
1730,1
7226,0
5760,0
4424,1
7232,0
5176,0
8560,0
8146,0
7240,0
5248,0
1694,0
1473,0
9559,0
4489,1
1326,0
9666,0
1058,0
478,0
1943,0
7526,0
813,1
9043,1
1755,1
9843,0
2660,1
4266,1
2693,0
2105,1
1526,0
538,0
6627,0
5030,0
4501,1
5324,0
4330,0
8952,0
845,0
5715,0
1341,1
2476,1
1852,0
3246,0
3016,1
14,0
9584,0
2742,1
1100,1
1928,0
2828,1
378,1
4225,1
2288,1
735,0
5643,0
7934,0
1924,0
1227,0
3764,1
1574,0
1582,1
6567,1
4129,1
6405,0
1291,1
2778,0
7702,0
3515,0
4255,0
69,0
6983,0
9754,0
3654,0
7076,0
3456,0
4020,1
3323,1
9410,0
7676,0
6564,0
6040,0
697,1
3718,0
1319,0
1716,0
8935,0
259,0
2940,0
5421,0
2100,1
9116,0
7295,0
1614,1
3445,0
6288,0
1122,0
5378,0
6550,0
9498,0
5359,0
78,0
4637,1
5314,0
7146,0
9368,0
3883,1
9906,0
8320,0
9171,0
1834,0
5121,0
3135,1
3627,1
3229,1
5236,0
5823,0
4396,1
1751,1
6912,0
7851,0
2598,1
5333,0
6086,0
4621,0
8990,0
6721,0
3395,1
3299,1
7342,0
5881,0
3712,0
7217,0
6137,0
3648,1
8694,0
5560,0
3266,1
6568,1
6561,0
8611,1
8091,0
7030,0
2328,1
5355,0
103,1
1140,1
8055,0
7873,0
5625,0
5939,0
8342,0
1403,1
40,0
4751,1
8960,0
1838,1
3765,1
2771,0
8541,0
2888,0
3773,0
757,0
4297,0
9358,0
1447,0
9644,0
2360,0
6532,1
5320,0
6049,0
2446,0
8986,0
3307,1
3270,0
3585,0
2223,0
8686,0
687,0
8430,0
4024,0
1906,0
1779,1
8913,0
8350,0
1440,0
9029,0
8617,0
3485,0
8985,0
8762,0
204,0
9596,1
2385,0
7532,0
4508,0
7829,0
9001,0
4934,0
8456,0
2394,1
7916,0
6488,0
3778,0
5988,0
6798,0
7579,0
7890,0
5354,0
6617,0
2274,1
173,0
7945,0
211,0
6607,0
3161,1
5508,0
6289,0
8991,0
9715,1
4181,1
6954,0
1585,0
6125,0
8431,0
1073,0
6009,0
4631,0
8540,0
943,1
6988,0
4701,1
8832,0
2222,0
7061,0
5915,0
2013,1
4195,1
8514,0
3026,1
5861,0
8119,0
7848,0
7667,0
5943,0
4896,0
7805,0
1816,0
6654,0
5879,0
5034,0
9896,0
2172,0
7508,0
8725,0
8011,0
3786,1
1042,1
2822,0
882,1
5644,0
996,1
62,0
8701,0
3694,1
8480,0
7692,1
8473,0
9607,0
3865,0
8550,0
5239,0
77,1
4914,1
7059,0
2525,1
5071,0
4124,1
6335,0
7204,0
3184,0
2620,1
6871,0
6439,0
1067,0
1658,0
6945,0
1173,1
2361,0
3616,1
2936,0
7358,0
1089,0
9357,0
5470,0
6722,0
5293,0
5502,0
539,0
1942,1
4811,1
8816,0
4551,0
2531,1
8012,1
374,0
5750,0
4258,1
1931,1
1504,0
2816,0
9747,0
8304,0
3887,1
4747,0
5827,0
8780,0
1172,1
4312,1
1628,0
9667,0
2897,1
1349,0
192,1
6130,0
9275,0
6671,0
5969,0
4673,0
5895,0
7822,1
8619,0
4942,1
9772,0
445,0
5256,0
5987,1
587,1
1111,0
2643,0
6533,0
4242,0
2211,0
485,1
9657,0
7339,0
3378,1
7333,0
8425,0
7467,0
9723,0
596,1
456,1
8190,0
3157,0
8020,0
114,0
7974,0
4438,1
7638,0
3185,0
9764,0
9202,0
9413,0
2045,1
2899,1
9012,0
9604,0
2175,1
5858,0
505,1
7072,0
8318,0
7546,0
6942,0
2921,0
4237,0
2731,0
5461,0
2948,0
4571,1
7485,0
8339,0
3218,1
6034,0
1897,0
4094,1
2873,0
5417,0
8299,0
9118,0
5534,0
4176,0
6756,0
3407,0
1047,0
5569,0
2110,1
5327,0
5870,0
2303,1
270,1
4681,1
9439,0
8031,0
2872,0
3351,0
7623,0
6727,0
7242,0
9890,0
5262,0
6780,0
8078,0
9579,0
4194,1
9839,0
3257,1
1112,1
2559,1
9155,0
6554,0
7171,0
8923,0
8474,0
4208,0
1141,1
6401,0
5633,0
9769,0
7513,0
1945,0
7679,0
9583,0
2171,1
2625,1
9516,0
3688,0
6175,0
2226,1
1006,0
5300,0
4528,0
5086,0
5904,0
9996,0
6611,1
3001,1
8996,0
2870,0
1464,0
3928,0
6108,0
9414,0
3268,0
2636,1
186,0
9442,0
1786,1
9808,0
1487,0
2809,0
4202,1
784,1
7144,0
377,0
4771,0
9321,0
8116,0
1922,1
3939,1
828,0
1196,1
4506,0
4730,1
1241,1
9072,0
2983,1
5462,1
6900,0
5374,0
8217,0
413,0
4382,0
5432,0
8283,0
496,1
428,0
7790,0
5539,0
1008,0
9214,0
8445,0
2077,0
9632,0
5522,0
4661,0
9788,0
8139,0
2441,0
9049,0
4018,0
278,0
4512,0
3090,1
8575,0
9522,0
4432,0
5376,0
3271,1
3622,0
8215,0
713,0
3966,0
4913,1
1325,1
1307,0
9412,0
7323,0
6490,0
9636,1
2119,1
9904,0
962,0
6395,0
3414,1
2331,0
6770,1
6435,0
6447,0
8200,0
2741,1
1762,0
8080,0
9162,0
4021,1
3410,0
1938,0
2695,0
5723,0
6975,0
1564,0
7229,0
5934,0
9994,0
1085,1
128,0
2132,1
7018,0
5954,0
9087,0
3289,0
264,0
4606,0
1477,0
7587,0
9641,0
1147,0
5149,0
9219,0
2962,0
7699,0
6306,1
1321,0
3831,0
4749,0
7380,0
9537,0
7915,0
4276,0
9003,0
7228,0
9766,0
7905,0
8087,0
6315,0
5756,0
9873,0
7876,0
7096,0
4378,1
504,1
4140,0
4693,0
8891,0
6593,0
2639,0
4050,1
3196,0
8805,0
9216,0
6444,0
3140,1
606,1
2192,0
6833,0
2035,1
3867,0
953,1
9185,0
2705,1
3933,0
4076,1
7374,0
6157,0
616,0
443,1
9307,0
1125,1
8484,0
8316,0
613,0
6198,0
5778,0
6346,0
1053,1
8754,1
2934,1
9968,0
7716,0
8114,0
7433,0
4502,1
1527,0
3802,0
8046,0
5951,0
9273,0
9743,0
8441,0
8532,0
2338,0
9934,0
4878,0
4109,1
4789,1
2593,0
2622,0
4013,1
4684,0
4542,1
1736,0
891,0
4674,0
8600,0
6013,0
3755,0
1022,1
6387,0
6204,0
9573,0
8040,0
4709,0
4977,1
2967,1
1905,1
11,0
272,1
509,1
6031,0
5310,0
1456,1
2895,0
2882,1
4855,0
3989,1
8981,0
4569,0
9100,0
8689,0
6544,0
7062,0
2988,1
6997,0
1046,1
8042,0
5817,1
7098,0
6257,0
8038,0
4497,1
8120,0
220,0
7756,0
7694,0
6967,0
5979,0
4976,0
291,1
563,1
7355,1
5554,0
4274,1
1136,1
8596,0
4889,0
8277,0
2418,1
8174,0
9701,0
7760,0
3600,1
4535,0
6122,0
3677,0
9869,0
1476,1
8892,0
1126,0
6481,0
5913,1
3309,1
6015,1
5439,0
6341,0
7424,0
8166,0
3335,0
402,1
1270,0
9587,0
2368,1
7104,0
8025,0
2776,0
2924,0
7955,0
7199,0
3104,1
3281,0
6462,0
7081,0
1978,0
1772,1
1199,1
1720,0
6732,0
4586,0
9054,0
1796,0
3521,0
5657,1
9635,0
4005,0
9943,0
696,1
6018,0
8582,0
3985,0
8803,0
8326,0
5978,0
9737,0
2720,1
1666,1
3819,0
4694,0
5100,0
2862,1
4870,0
7698,0
7762,0
2000,1
2147,1
8712,0
6188,0
5383,0
7079,0
5137,0
8292,0
7406,0
9055,0
3139,1
4598,0
8389,0
5693,0
6486,0
5306,1
6388,0
7597,0
9176,0
9600,0
9282,0
3927,0
358,0
8210,0
7476,0
8604,0
4923,1
4479,1
890,1
9535,0
9889,0
2469,1
9305,0
2952,1
9724,0
5407,0
888,1
8966,0
4408,1
3462,0
5343,0
9449,0
7504,1
2550,0
5764,0
7839,0
7486,0
2330,1
7070,0
979,0
2504,0
1479,1
4562,1
7312,0
2001,1
7197,0
1283,0
7797,0
8620,0
2406,1
8176,0
2178,0
1596,0
6636,0
8632,0
2534,0
4782,1
9824,0
2189,1
9234,0
9360,0
9130,0
1747,0
5703,0
6095,0
344,1
2046,0
1855,0
5581,0
5892,1
1571,0
4458,0
3782,1
1597,1
9235,0
6190,0
1656,0
56,0
6930,0
2345,0
9595,0
9727,0
2583,0
9182,0
1595,1
7609,0
3608,0
6446,0
2228,0
1114,1
1522,0
8071,0
669,0
5594,0
7917,0
847,0
1672,0
1257,1
9612,0
5305,0
2158,1
2257,0
6305,0
7614,0
920,1
3173,1
2078,1
2857,1
4993,0
3744,0
2715,0
2581,1
7239,0
1482,1
9830,0
1215,0
3827,0
2748,1
4911,1
4444,0
6965,0
8918,0
391,1
7535,0
4461,0
3599,1
4858,1
8592,0
8857,0
65,0
3978,1
4519,1
1734,0
4983,0
3076,0
6359,0
524,0
5428,0
8626,0
284,1
4624,1
3199,0
5681,0
8094,0
9956,0
9935,0
9293,0
5312,0
7833,0
1803,0
7719,0
8628,0
3401,0
3632,1
9952,0
4079,0
5516,0
7138,0
4089,0
8128,0
4406,1
6123,0
9857,0
846,0
6179,0
3190,1
2442,1
7421,0
1584,1
6317,0
7325,0
5179,0
7722,0
3886,1
1984,0
6661,0
5800,0
236,0
4895,0
4945,0
8458,1
8888,0
7690,0
6331,0
3644,1
8371,0
3068,0
7593,0
9589,0
631,1
238,1
3346,1
8591,0
8666,0
6228,0
9206,0
8178,0
3753,0
4172,0
8931,0
6947,0
1884,0
5945,0
7920,0
1961,0
9853,0
2738,0
1030,0
7450,0
9310,0
247,0
5909,0
9462,1
2340,0
7982,0
9067,0
3663,0
1301,1
3388,0
3292,0
6778,0
7779,0
707,0
4787,1
954,1
4224,1
7592,0
688,1
323,1
4867,0
6795,0
2814,0
3527,1
1298,0
9153,0
1757,1
1466,0
9015,0
2868,1
807,0
42,0
8511,0
7167,0
9758,0
9883,0
2788,0
1979,0
326,0
8879,0
4975,0
7267,0
2830,1
7479,0
1602,1
2354,1
4154,0
658,0
4246,0
6841,0
2326,0
4643,1
6264,0
3011,0
8469,0
8577,0
5919,0
5846,0
4559,0
581,0
4932,1
2384,0
7330,0
4329,1
7074,0
7110,0
462,0
282,0
345,0
2398,0
293,0
3716,0
8936,0
9419,0
3164,0
7884,0
868,1
4081,0
2947,0
6360,0
8303,0
1486,0
9569,0
5874,0
3796,1
2320,0
9995,0
5572,0
7808,0
5848,1
4175,1
6953,0
4170,1
955,1
1135,1
9793,0
6276,0
6946,0
4752,1
7247,1
2928,0
8439,0
1887,0
6960,0
5188,0
3514,0
4032,0
6330,0
4218,0
8903,0
6720,0
5719,0
1209,0
7736,0
4385,1
8885,0
2572,0
152,0
4708,0
1098,0
5178,1
9629,0
2311,1
6619,0
9621,0
752,1
195,1
8967,0
2994,1
718,1
2271,1
2451,0
9142,0
3808,0
3757,1
4548,1
4560,0
2561,1
7194,0
1015,1
1748,1
88,1
9709,0
5000,0
17,1
9547,0
1183,0
7449,0
8358,1
8331,0
4241,1
8239,0
2638,0
8953,1
8995,0
4362,1
9953,0
741,0
2960,1
9109,0
8743,0
138,0
3543,0
7495,0
850,0
7870,0
6067,0
5400,0
700,1
2692,1
1684,1
7902,0
1800,1
9718,0
1947,0
948,0
7942,0
9285,0
6194,0
1998,1
5616,0
1121,0
7711,0
3474,0
8558,0
5907,0
7025,1
8297,0
8900,0
3148,0
1788,0
7744,0
9080,0
3840,0
994,0
9168,0
5457,0
6129,0
5255,0
5345,0
5429,0
1929,0
2672,1
3723,1
3487,1
5015,0
2157,0
4632,0
8280,0
3793,0
9554,0
1023,0
947,1
85,0
5511,0
9609,0
1024,0
9274,1
9062,0
5440,0
1045,1
7289,0
432,1
1615,0
1360,1
3532,0
5627,0
1233,1
7041,0
7988,0
3428,1
296,0
5850,1
9863,0
3162,0
2522,0
3379,0
1427,1
4779,0
9588,0
3562,1
7900,0
2858,0
4197,0
1679,0
6109,0
8642,0
4833,0
7757,0
4215,1
5514,0
8429,0
4307,1
2021,0
4233,0
6752,0
2242,1
1864,0
6026,1
7179,0
610,1
899,0
6302,0
6769,0
3941,1
4365,1
8662,0
1461,0
6588,0
3547,0
7407,0
2865,1
5315,0
1874,1
7557,0
8882,0
6610,0
7122,0
5984,0
6670,0
7939,0
4298,0
1459,0
3434,0
9034,0
2729,1
6149,0
642,1
5014,0
5059,0
7403,0
6071,0
2378,1
4697,1
1552,0
6033,0
2690,1
4363,1
5751,0
2669,0
8526,0
6010,1
1144,1
8142,0
818,0
1256,0
8564,1
7256,0
8019,0
690,1
9191,0
4714,0
2221,0
1611,0
8424,0
678,0
9341,1
876,1
4088,1
4463,1
9033,0
4098,0
5464,0
1097,0
1731,1
7547,0
2608,1
7170,0
3240,1
5965,0
5075,0
3014,1
2813,1
7669,0
4649,1
3420,0
7981,0
2812,0
9248,1
9611,0
3901,0
6982,0
157,1
1075,1
1903,1
6374,0
7336,1
4156,1
3624,0
400,0
6113,0
7750,0
1544,1
5134,0
6492,0
4831,0
5112,0
5056,0
3674,0
7965,0
2402,0
2664,1
5065,0
6515,0
1364,0
1548,0
2295,1
3635,1
5019,0
2842,0
2523,1
3403,1
3889,1
7931,0
8185,0
1569,1
6279,0
7800,0
7241,0
5173,0
3302,0
6052,0
5097,0
7191,0
9509,0
8154,0
6553,0
176,1
427,0
1392,1
4907,1
5529,0
6897,0
1718,1
2502,0
9322,0
1263,1
514,1
8353,0
7118,0
7644,0
29,1
3442,1
8692,0
8175,1
6507,0
6879,0
2513,1
4578,0
8010,0
7830,0
6848,0
110,1
4189,1
7589,0
8257,0
136,0
8951,0
8812,1
1724,1
8383,0
5147,0
8772,0
4762,1
1793,1
6875,0
5233,0
4827,1
6672,0
3075,1
7399,0
9962,0
7095,0
2869,0
453,0
4328,0
8894,1
99,0
8704,0
5886,0
7543,0
3822,1
8332,0
6817,0
4690,0
6738,0
9004,0
572,0
7143,0
4886,0
8225,0
4450,1
9489,0
9796,0
2675,0
2272,1
1137,1
1120,0
4062,0
1157,0
9836,0
5009,0
7031,0
3920,1
1381,1
9110,0
2163,1
5161,1
5168,0
5033,0
1285,0
1082,0
2459,1
8438,0
268,1
1018,0
8380,0
8554,1
2950,0
1446,0
4655,1
4859,1
9259,0
6846,1
7534,0
5955,0
2804,1
9707,0
1682,1
6182,0
435,1
4901,1
8136,0
98,1
5656,0
3851,0
7160,0
2067,0
4251,1
3269,0
1577,1
5101,1
289,1
8971,0
7617,0
923,0
6820,0
6562,0
911,0
355,1
5418,0
5392,0
2482,0
44,0
8794,0
8610,0
125,0
7187,0
9901,0
7943,1
2896,1
4078,1
8289,0
4351,1
8335,0
4682,0
830,1
8464,0
7462,0
3065,0
7320,0
7123,0
4454,0
9096,0
5829,0
3759,1
5671,0
5291,0
7975,0
3191,0
5474,0
4523,0
8657,0
2543,0
7635,1
2076,0
2026,1
2323,1
8171,0
2761,1
5491,0
3356,1
3830,0
3402,0
2917,0
7278,0
6580,0
660,0
7783,0
1562,1
9045,0
3743,1
1608,0
9226,0
1287,1
4090,0
9530,0
1162,0
1027,1
9394,0
530,1
7198,0
6250,0
2297,0
9989,0
3899,0
7492,0
6599,0
3752,0
1332,1
2425,1
9057,0
7514,0
4004,0
5734,0
7047,0
7912,0
6385,0
4193,0
194,0
4550,1
3633,0
4443,0
3367,0
9599,0
8180,0
4594,0
1303,1
685,0
8043,0
6112,0
159,1
6858,0
8641,0
2160,1
135,0
1430,1
4834,1
4925,1
1304,0
5404,0
4411,0
1832,1
895,0
9605,0
8993,0
8072,1
4334,0
4034,0
8075,0
2989,0
3940,1
2835,1
5380,0
4527,1
3763,1
6150,0
2892,1
4555,0
7687,0
1003,0
2024,0
4845,1
1431,1
647,0
2290,0
3844,1
1777,1
4893,1
7195,0
5670,0
7311,0
8787,0
9209,0
3806,0
2386,1
3081,1
8041,0
3400,1
1752,1
975,1
251,0
4384,1
5911,0
5558,0
1059,0
9011,0
2832,0
2959,0
4247,1
9042,0
8801,0
3491,0
3876,1
1821,0
5338,0
825,1
8181,0
101,1
7348,0
9186,0
3970,0
7158,0
695,0
1678,0
3963,0
1226,0
1377,0
1029,0
3710,0
57,1
6873,1
1105,0
1361,1
9164,0
9606,0
4055,1
1151,0
9493,1
1844,0
2609,0
6612,0
2871,0
3108,0
5471,0
2641,1
4676,0
7214,0
5595,0
7503,0
1104,0
9510,0
5993,1
4391,1
6931,0
9172,0
2548,1
8204,0
9681,0
318,1
5402,0
4718,0
3828,0
5840,0
7820,0
7996,0
1223,1
5023,0
9703,0
2094,0
8095,0
3133,0
9631,0
6072,0
9594,0
9174,0
3811,1
1705,1
1561,0
1688,1
4030,1
5068,0
5737,0
7877,1
6258,0
305,0
650,0
8759,0
7125,0
3349,1
8096,0
4842,1
2453,1
8032,0
5063,0
1967,1
8309,0
6409,0
8287,0
9213,0
1594,0
4521,1
3951,0
9324,0
4095,0
7280,0
8282,0
5184,1
8627,0
4288,1
2663,0
3993,1
3376,0
1212,1
7273,0
4667,1
3853,0
8806,0
1781,1
7331,0
4729,0
5193,0
9982,0
8679,0
8868,0
3979,0
4426,0
6993,0
6393,0
1738,0
4509,1
2889,0
1833,0
9842,0
9494,0
3024,0
4290,0
529,0
853,1
5159,0
4813,1
162,1
9418,0
4736,1
1902,0
1438,0
4589,0
1009,0
9689,0
6737,0
9365,0
9597,0
7317,0
3119,1
336,0
9399,0
9005,0
71,1
1769,0
9960,0
5366,0
648,1
8112,0
7394,0
543,1
9669,0
7045,0
8922,0
6994,0
6633,0
4364,1
1091,0
2370,1
5060,0
7642,0
6183,0
7352,0
3160,0
6038,0
837,0
2209,1
1894,0
3728,0
5640,0
4872,1
2319,1
7621,0
4146,1
4067,1
6468,0
7014,0
4475,1
7575,0
5654,0
5545,0
304,1
9524,0
3607,0
5021,0
6470,0
2247,0
2844,1
6274,0
9020,0
5183,0
6634,0
2419,1
9090,0
8823,0
205,0
747,0
1820,0
4948,1
2628,1
3671,0
2954,0
6116,0
3987,1
9196,0
6096,0
4672,0
1077,0
3454,1
2841,1
3880,1
7343,0
9618,0
7165,0
4114,0
7220,0
2552,0
5816,0
1305,0
3286,1
6417,0
4534,1
9704,0
7369,0
4991,1
4296,1
2082,0
1035,1
664,1
7487,0
5391,0
3552,1
3129,1
1970,0
8490,0
3130,1
6425,0
300,1
6733,0
242,0
1570,1
2435,0
7763,0
8208,0
4235,1
8781,0
473,0
9517,0
2019,1
8177,0
8964,0
4270,1
8018,0
6171,0
705,0
1957,0
6479,0
5286,0
7541,0
3721,1
1790,1
1371,0
2571,0
7237,0
599,0
7681,1
1437,0
7525,0
2881,0
5117,0
9284,0
3028,1
6551,1
8385,0
2505,0
2541,0
8710,0
2428,0
6286,0
6950,0
5813,0
7271,0
9776,0
8984,0
3009,0
6006,0
8482,0
2431,1
3143,0
6613,0
3458,0
280,1
3412,0
6431,0
5575,0
4262,1
5884,0
2944,0
4415,1
5299,0
8515,0
605,0
6460,1
8667,0
8798,0
2293,0
4453,0
5468,0
4149,0
3295,0
7976,0
4350,0
2601,0
9528,0
8548,0
5454,0
1389,1
2696,0
2224,0
5847,0
1826,1
5069,0
7494,0
8599,0
2665,0
9351,0
8068,0
6800,0
6653,0
2920,0
6649,0
516,1
7536,0
6929,0
8351,0
7100,0
497,1
2256,1
1260,0
1888,0
9731,0
4879,0
8206,0
9314,1
793,0
9567,0
7128,0
4460,0
985,0
2794,0
3258,1
6516,0
6077,0
5576,0
233,1
9875,0
8497,0
7205,0
553,1
3818,0
52,1
5692,0
5463,0
4068,1
2239,0
2566,0
3772,1
8893,0
276,0
4476,1
6524,0
1914,0
8714,0
2108,1
9958,0
18,1
632,1
6743,0
2864,1
6210,0
2719,1
2783,1
6618,0
8401,0
9325,0
6674,1
7270,0
3421,1
8106,0
4734,1
1322,1
2914,1
5651,0
1387,0
9698,0
8021,0
8412,0
3301,1
7500,0
8381,0
6808,0
8817,0
5753,0
4530,1
9127,0
6729,0
3263,0
8254,0
8253,0
6429,0
8499,1
7643,0
1354,0
8546,0
5561,0
2142,1
520,1
4524,1
9708,0
1234,0
179,0
5041,0
997,1
7375,0
7980,0
2313,1
1999,0
1308,0
6602,0
4876,0
8354,0
6473,0
8056,0
9711,0
6461,0
1676,1
5887,0
1216,0
5721,0
3700,0
720,0
3209,1
2130,1
314,0
1680,0
5389,0
7732,0
6986,0
2198,0
7193,0
9558,0
9986,0
8912,0
9464,0
7566,0
5989,0
6506,0
4969,0
630,0
6893,0
9159,0
8261,0
7947,0
1935,1
6268,0
4712,1
2970,0
9428,0
9639,1
4003,0
8410,0
3510,0
5587,0
2058,0
3085,0
5875,1
6548,0
2769,1
8245,0
2996,1
346,1
4778,1
1158,0
1240,0
4289,0
1394,0
6835,0
6751,0
224,0
9814,0
7080,0
2277,0
4044,0
5442,0
8293,0
806,0
9078,0
4064,0
6162,0
6338,0
2585,1
2202,0
6232,0
4383,0
4936,0
6392,0
7835,0
5564,0
9812,0
6802,0
7296,0
5325,0
2184,1
751,0
8493,0
1465,1
4324,0
9849,0
153,0
7867,0
9521,0
2255,0
8435,0
659,1
6019,0
3890,1
7054,0
928,1
8212,0
993,1
915,1
9144,0
4210,1
7831,0
2966,0
165,1
1302,0
2054,0
466,1
9158,0
626,1
227,1
1380,0
6558,0
1094,0
9887,0
9550,1
3348,1
5899,1
6043,0
701,0
3251,1
3707,1
6832,0
2358,0
2387,0
5865,0
5357,0
4253,1
5798,0
6216,0
2038,1
5727,0
3361,0
2570,0
5157,0
4336,0
999,0
8955,0
6845,0
1399,0
6911,0
9243,0
2123,0
8652,0
1472,0
958,1
674,1
6713,0
9821,0
3216,0
3687,0
5766,1
9047,0
857,1
1806,1
7858,1
5517,0
8749,0
2811,1
8706,0
2373,0
1011,1
9940,1
8905,0
7866,0
1264,0
3284,0
822,1
7578,0
7087,0
9386,0
6526,0
2768,1
7013,0
6907,1
9311,0
9396,0
921,1
4174,0
6437,0
8374,0
9817,0
4074,1
785,0
7549,0
7994,0
2606,0
3366,1
4505,0
1810,1
1581,0
6940,1
1352,0
1962,1
3967,1
3032,0
4200,0
6249,0
7530,1
5936,0
2797,1
5999,1
7466,0
5080,0
6839,0
9782,0
1205,0
8153,0
1963,1
1635,0
9071,0
6962,0
8851,0
1973,1
9463,0
2520,0
2708,1
2963,1
8653,0
3413,1
1986,1
4692,1
8724,0
7843,0
704,1
556,0
7752,0
3019,0
3398,1
5699,0
6278,0
3795,1
1540,0
6345,0
367,1
559,1
3047,1
389,1
3010,0
1039,0
1531,0
5453,0
287,1
8147,0
9832,0
5507,0
5272,0
4573,0
5436,0
5381,0
5125,0
2301,0
3508,1
8167,0
753,0
9479,0
9716,0
838,0
4633,1
1048,1
8925,0
7496,0
4144,0
731,0
8144,0
2750,1
7704,0
5416,0
2701,1
8105,0
3788,1
439,0
541,0
2562,1
419,0
2281,0
3145,1
584,0
7978,0
8785,0
3089,0
1782,0
3136,0
1051,0
623,0
1032,0
3746,1
3923,0
4104,0
6381,0
2233,1
9592,0
2955,0
9447,0
4839,0
3241,1
4115,1
1697,1
2047,1
5944,0
3605,0
9363,0
1485,0
2007,0
7919,0
2396,1
5332,0
5612,0
5974,0
167,0
8344,0
206,1
5209,0
3423,1
4797,0
6377,0
4952,1
3653,0
8658,0
5006,0
9181,0
4767,1
4318,0
8089,0
436,1
601,0
893,0
2781,0
421,0
5527,0
6142,0
1811,0
5885,0
1049,0
9562,1
3242,1
7382,0
1706,1
9840,0
4904,0
878,1
1663,1
4047,0
1193,0
4496,0
4234,1
6443,0
9653,0
4572,0
552,0
5448,0
2427,0
6163,1
6703,0
8646,0
2127,1
5444,0
9327,0
9052,0
4332,1
2289,0
1923,1
4498,1
1348,1
8827,0
7000,0
5661,0
7368,0
3961,1
8534,0
20,1
5660,0
2755,0
5665,0
2084,1
6998,0
9939,1
4832,0
5127,0
8942,0
6011,0
4865,0
5666,0
53,0
8566,0
7447,0
4118,0
9858,0
3915,1
1362,1
5353,0
3582,1
4940,0
112,1
4282,0
7058,0
94,1
10,0
6229,0
5268,0
3338,0
5319,0
5864,0
1368,0
3385,1
6552,0
9585,0
5694,0
961,1
990,0
2473,1
1802,1
7767,0
169,0
7134,0
3586,1
7203,0
5746,0
7162,0
258,0
2574,1
2683,0
8818,0
6327,0
4703,1
8122,0
6121,0
2225,1
7021,0
12,0
200,0
8133,0
7412,0
5658,0
1939,1
2787,0
2589,0
273,1
9371,0
959,0
9938,0
9093,0
2245,0
9748,1
8295,0
9566,0
2003,0
8016,1
9719,0
3192,1
1414,0
3121,1
3152,0
2318,1
4721,0
8365,0
8633,0
5504,0
9760,0
2376,0
295,1
9677,0
1673,1
6185,0
499,0
4607,0
9329,0
6537,0
7648,0
8419,0
7290,0
590,0
9633,0
8231,0
5054,0
3383,0
1871,1
1880,1
1866,0
6148,0
9086,0
3705,1
859,1
6849,0
2129,0
8355,0
3300,0
5851,0
215,1
7571,0
493,0
4600,0
9173,0
4764,1
3695,1
3646,0
9281,0
6744,0
9229,0
3387,0
7580,0
5455,0
3275,1
9865,0
7588,0
431,0
1789,1
9932,0
1090,1
7624,0
2591,1
9820,0
8702,0
6027,0
2680,1
9634,0
2066,1
2848,1
9656,0
6284,0
5108,0
1670,0
9753,0
3910,0
1425,0
8713,0
1505,0
2395,0
8317,0
8839,1
5046,0
8149,0
4737,1
1606,0
8835,0
5368,0
4513,1
6740,0
7655,0
5066,0
580,0
3319,0
6774,0
7361,0
10000,0
2031,0
4285,0
6864,0
7501,0
3998,0
6786,0
2051,1
7615,0
2454,0
3667,0
2512,1
1860,0
3343,0
2485,0
7529,1
4292,1
6896,0
5630,0
6136,0
5925,0
7177,0
8483,0
5005,0
7652,0
9492,1
4232,1
1235,0
7071,0
475,1
3657,0
4820,1
7176,0
3787,0
6120,0
437,0
790,1
2182,1
6605,0
4402,0
6521,0
3535,0
6816,0
1976,0
5288,0
3405,1
1154,0
1220,1
4464,1
7233,0
9353,0
6504,0
7188,0
6173,0
4723,0
93,0
3815,1
9477,0
4695,0
4433,0
3472,0
3568,0
6626,0
1598,0
4662,0
9740,1
4657,1
2083,1
1107,1
371,0
1913,0
368,0
8275,0
951,0
4604,0
7768,0
3330,0
1203,0
3290,0
9091,0
9393,0
2251,1
856,1
2957,0
7888,0
405,0
9739,0
907,1
1237,0
3557,0
9620,0
483,0
5912,0
9502,0
4075,0
5698,0
3186,0
6483,0
5873,0
7585,0
9095,0
8593,0
6440,0
9066,0
4083,1
4299,1
7367,0
9190,0
9625,0
2498,0
1867,0
1194,1
6992,0
719,1
3471,1
7121,0
2351,0
9828,0
7459,0
5150,0
2415,1
5521,1
6452,0
5815,0
740,1
9469,0
6530,0
60,0
5487,0
4167,1
8571,0
7083,0
2716,0
222,1
5180,0
1891,1
932,0
3857,1
6794,0
6859,0
1346,0
5982,0
2383,0
5386,0
865,0
2437,1
67,1
6141,0
5199,0
3115,1
7451,0
2997,1
714,1
1448,1
3447,0
2002,1
5095,0
1607,1
6712,0
9676,0
6609,0
4583,0
6687,0
1568,1
2055,0
8319,0
1052,0
9465,0
5141,0
6283,0
1309,0
916,0
6538,0
1625,1
6682,0
5348,0
154,1
9328,0
5726,0
9578,0
5706,0
8680,0
6811,0
2823,1
7957,0
1904,0
742,0
4340,1
8975,0
8453,0
732,1
63,1
2279,0
5393,0
833,1
981,0
1759,1
649,0
8226,0
1455,0
964,1
7598,0
6979,0
6546,0
8188,0
7852,0
6234,0
8729,0
6683,0
6023,0
9147,0
9451,0
8053,0
8715,0
3591,0
7785,0
4105,0
7641,0
2900,1
9570,0
5921,0
1792,1
3640,0
201,1
9167,0
6144,0
8003,0
8630,0
5039,0
9132,0
8248,0
4434,0
1927,0
